NOM et Prénom,Sites
 U,Strasbourg
ABRY Patrice,
ADALIAN Pascal,Aix Marseilles
AGUEJDAD Rahim,Montpellier
AGUILERA Anne,Paris et IdF
AIT HADDOU Hassan,Paris et IdF
ALBERT Cécile,Aix Marseilles
ALBRECHT David,Paris et IdF
ALI TOUDERT Fazia,Paris et IdF
ALLAM Hamza,
ALLIOT Fabrice,Paris et IdF
AMADOU Amina,Lyon Saint-Etienne
AMOROS Emmanuelle,Lyon Saint-Etienne
AMOSSÉ Joël,Paris et IdF
AMÉGLIO Thierry,
ANDRIANKAJA Héry,Paris et IdF
ANGELETTI Bernard,Aix Marseilles
ANGER Romain,
ANNESI-MAESANO Isabella,Montpellier
ANTALUCA Eduard,Compiègne
APPERE Gildas,Angers
APPERT Manuel,Lyon Saint-Etienne
ARCHIMEDE Bernard ,
ARNAUD Aurélie,
AUBERLET Jean-Michel,Nantes
AUCLERC Apolline,Université de Lorraine
AUFFAN Mélanie,Aix Marseilles
AUGUSTIN Patrick,Lille - Littoral Côte d'Opale
AUSSEL Didier,
AY Jean-Sauveur,
AZAM Marie-Hélène,Strasbourg
AZIZA Hassen,Aix Marseilles
BADIN Anne-Laure,Lyon Saint-Etienne
BADINIER Thibault,Paris et IdF
BAILLIS Dominique,Lyon Saint-Etienne
BAILLY Claire,Paris et IdF
BAILLY Emeline,Paris et IdF
BALAZARD Hélène,
BALLAND-BOLOU-BI Clarisse,Paris et IdF
BANOS Vincent,Bordeaux
BARANÈS Edmond,Montpellier
BARBEROUSSE Anouk,Paris et IdF
BARBRY Pascal,Nice
BARDOT Michela,Paris et IdF
BARON Sandrine,
BARRA Adrien,
BARRÈRE Céline ,Lille - Littoral Côte d'Opale
BARROCA Bruno,
BARROUX Laurent,
BARTH Dominique,Paris et IdF
BASECQ Vincent,La Rochelle
BASTIN Sophie,Paris et IdF
BASUYAU Mathilde,Paris et IdF
BATTAGLINI Nicolas,
BAUDRY Emmanuelle,Paris et IdF
BAUMONT Catherine,Dijon - bourgogne France compté
BAVEREL Olivier,Paris et IdF
BAZET Isabelle ,
BEAUJEAN Nathalie,Lyon Saint-Etienne
BECHERAS Elodie,Toulouse
BECHKIT Walid,Lyon Saint-Etienne
BEGUIN Pascal,
BELOT-LÉON Mélanie,Paris et IdF
BELTON-CHEVALLIER Leslie,Paris et IdF
BEN SACI Abdelkader,
BENEZECH-SARRON Patricia,
BENITES-GAMBIRAZIO Eliza,Paris et IdF
BENIZRI Émile,Université de Lorraine
BENNABI Abdelkrim,Paris et IdF
BENNAYA Souhir,Lille - Littoral Côte d'Opale
BENNING Pierre,Paris et IdF
BENSLIMANE Abderrahim,Avignon
BENZAAMA Hichem,Paris et IdF
BERDIER Chantal,
BERGER Jean-François,
BERGÉ Antonin,Paris et IdF
BERNARD Jérémy,Chambery - Savoire Montblanc
BERNARD Stéphane,
BERNI Céline,Lyon Saint-Etienne
BERNON Carole,
BERRAH Lamia-Amel,Chambery - Savoire Montblanc
BERTAUDIÈRE-MONTÈS Valérie,Aix Marseilles
BERTET Karell ,
BERTHIER Emmanuel,Paris et IdF
BERTON Julien,Paris et IdF
BERTRAND David,Lyon Saint-Etienne
BERTRAND Etienne,Paris et IdF
BERTRAND Xavier,Angers
BES DE BERC Maxime,Strasbourg
BESSA GOMES Carmen,Paris et IdF
BESSY Christian,Paris et IdF
BETIS Gilles,Paris et IdF
BIANCARDI Beatrice,Paris et IdF
BIGOT Fabrice,Montpellier
BILLA Stéphane,Limoges
BILLET Sylvain,Lille - Littoral Côte d'Opale
BILLOT Romain,Brest
BIWOLE Pascal,
BIZE Ariane,Paris et IdF
BLAIN Catherine,Paris et IdF
BLANC Davien,Nantes
BLANCHARD Sophie,
BLANCHOUD Hélène,Paris et IdF
BLANCO Stéphane,Toulouse
BLAYAC Sylvain,Lyon Saint-Etienne
BLICHERT-TOFT Janne,Lyon Saint-Etienne
BLOND Nadège,Strasbourg
BODIN Thomas,Lyon Saint-Etienne
BOISSELET Christelle,
BONILLA Fabian,Paris et IdF
BONIN Olivier,Paris et IdF
BONNEAU Jérémie,Lyon Saint-Etienne
BONNEFOY Adrien,Lyon Saint-Etienne
BONNIN Delphine,Paris et IdF
BONZANI Stéphane,Paris et IdF
BORDE Chloé,Paris et IdF
BORGNAT Pierre,
BORJA Jean-Stéphane,Université Côte d'Azur
BOSSU Rémy,Paris et IdF
BOTROS Nader,Paris et IdF
BOUANIS Fatima,Paris et IdF
BOUBRIMA Ahmed,Lyon Saint-Etienne
BOUCETTA Chérifa,Paris et IdF
BOUCHER Vincent,Angers
BOUDENNE Abderrahim,
BOUILLASS Ghada,
BOUKOUR Fouzia,Lille - Littoral Côte d'Opale
BOURGEOIS Marc,Lyon Saint-Etienne
BOUTEAU François,Paris et IdF
BOUVENOT Jean-Baptiste,Strasbourg
BOUYER Julien,Université de Lorraine
BOUZID Sofiane,Lyon Saint-Etienne
BOUÉ Pierre,Grenoble
BOYABÉ Jean-Bernard,Lille - Littoral Côte d'Opale
BOZONNET Emmanuel,La Rochelle
BRANCHU Philippe,Paris et IdF
BRANGER Flora,Lyon Saint-Etienne
BREMOND Roland,Paris et IdF
BRESSY Adèle,Paris et IdF
BRINGIER Benjamin,Poitiers
BRISSAUD Laurence,
BRISSEBRAT Guillaume,Paris et IdF
BROSSIER Romain,Grenoble
BROUILLET Denis,Montpellier
BROUILLET Thibaut,Paris et IdF
BRUNEAU Denis,Bordeaux
BRUYÈRE Emeric,Lyon Saint-Etienne
BUCHER Bénédicte,Paris et IdF
BUDTOVA Tatiana,
BUHLER Thomas,
BUISSON Christine,
BUJACIC Stéphane,Rennes
BULTEAU Julie,Paris et IdF
BUREAU Chrystelle,Paris et IdF
BUSO David ,Toulouse
BUWALDA Sijtze,
BÉCHET Béatrice,Nantes
CABESSA Jérémie,Paris et IdF
CAGLIONI Matteo,Université Côte d'Azur
CAILLE Frédéric,Chambery - Savoire Montblanc
CAILTEAU Cristelle,Paris et IdF
CAMENEN Benoît,Lyon Saint-Etienne
CAMILLERI Guy,
CANNAVO Patrice,Angers
CANOUI-POITRINE Florence,Paris et IdF
CANOVA Nicolas ,Lille - Littoral Côte d'Opale
CANTAREL Amélie,Lyon Saint-Etienne
CANTUARIAS-VILLESSUZANNE Carmen,Paris et IdF
CARMES Maryse,Paris et IdF
CARO Stéphane,Paris et IdF
CARON Jean-François,Paris et IdF
CARRE Samuel,Paris et IdF
CARRIER Marion,Albi
CARVALHO BRASILIO DE MOURA Paulo,Nice
CASES Anne-Sophie,Montpellier
CASSE Christelle,
CASTELLANI Romain,
CAUMON Céline,Toulouse
CAYE Pierre,Paris et IdF
CAZABET Remy,Lyon Saint-Etienne
CAZALS Clarisse,Bordeaux
CELIK Berk,Compiègne
CHABAULT Vincent,Paris et IdF
CHACHOUA Mohamed,Paris et IdF
CHAINE Raphaëlle,Lyon Saint-Etienne
CHAIX Basile,Paris et IdF
CHALJUB Emmanuel,Grenoble
CHALLIER Lylian,
CHANEAC Corinne,
CHAPELON Laurent,Montpellier
CHAPLEUR Olivier,Paris et IdF
CHAPUIS Kevin,Montpellier
CHARLOT Aurélia,Lyon Saint-Etienne
CHARLOT Samuel,
CHARMES Eric,Lyon Saint-Etienne
CHARRON Aurélie,Lyon Saint-Etienne
CHASLES Virginie,
CHAUDET Philippe,Lyon Saint-Etienne
CHEBBO Ghassan,Paris et IdF
CHENAF-NICET Dalila,Bordeaux
CHESNAIS Céline,Paris et IdF
CHESNEAU Isabelle,Paris et IdF
CHEVALIER Christophe,Paris et IdF
CHIAPELLO Isabelle,
CHIN Phalkun,Paris et IdF
CHIRON Pascale,
CHRISTOFLE Sylvie,Université Côte d'Azur
CLAPPIER Alain,Strasbourg
CLESSE Margaux,Université de Lorraine
CLOUTET Éric,
COLANTONI Philippe,
COLINART Thibaut,Lorient
COLL Isabelle,Paris et IdF
COLLANGE Julie,Paris et IdF
COMBETTE Philippe,Montpellier
COMBY Emeline,Lyon Saint-Etienne
CONESA Alexis,Strasbourg
COQUELET Cécile,Aix Marseilles
COQUIDE Catherine,
CORMIER Pierre-Antoine,Orléans
CORREIA Horacio,
CORTET Jérôme,Montpellier
COSTE Anne,Grenoble
COSTES Jean-Philippe,Paris et IdF
COTTET Marylise,Lyon Saint-Etienne
COUDON Thomas,Lyon Saint-Etienne
COULOMBEL Nicolas,Paris et IdF
COURAUD Sébastien,Lyon Saint-Etienne
COURTIER-MURIAS Denis,Paris et IdF
COUTANT Olivier,Grenoble
COUTTÉ Alexandre,Paris et IdF
COUTURIER Bastien,Lyon Saint-Etienne
COUVREUX Fleur,Toulouse
CRISPIM JUNIOR Carlos,Lyon Saint-Etienne
CRUMEYROLLE Suzanne,
CRUNAIRE Sabine,Lille - Littoral Côte d'Opale
CUNNINGHAM SABOT Emmanuèle,Paris et IdF
CUNY Damien,Lille - Littoral Côte d'Opale
CUPILLARD Richard,Dijon - bourgogne France compté
CZARNES Sonia,Lyon Saint-Etienne
DA CUNHA Charlotte,Paris et IdF
DABLANC Laetitia,Paris et IdF
DABRIN Aymeric,Lyon Saint-Etienne
DAËLE Véronique,Orléans
DAGNINO Sonia,Nice
DALMAS Laurent,Paris et IdF
DAMIAND Guillaume,Lyon Saint-Etienne
DANG Nguyen-Thong,Paris et IdF
DANIEL Hervé,Angers
DARDÉ Benjamin,Paris et IdF
DARFEUIL Sophie,Grenoble
DARLY Ségolène,Paris et IdF
DARTIGUES-PALLEZ Christel,Nice
DAUDON Dominique,
DAVID Damien,Lyon Saint-Etienne
DE LAROCHELAMBERT Thierry,Université de Franche-Comté
DE SAUVAGE Jean,Paris et IdF
DE WOLF Daniel,Lille - Littoral Côte d'Opale
DEBAILLY Renaud,Paris et IdF
DEBREF Romain,Reims
DECHAUME-MONCHARMONT François-Xavier,
DEJOUS Corinne,Bordeaux
DELARUE Frédéric,Paris et IdF
DELBARRE Hervé,Lille - Littoral Côte d'Opale
DELBART Nicolas,Paris et IdF
DELCAILLAU Bernard,
DELDREVE Valérie,Bordeaux
DELHOMME Fabien,Lyon Saint-Etienne
DELILE Hugo,Lyon Saint-Etienne
DELINCHANT Benoit,Grenoble
DELLANDREA Emmanuel,Lyon Saint-Etienne
DELLIER Julien,
DELORT Abigail,Lyon Saint-Etienne
DEMOLY Pascal,Montpellier
DEMOUGE François,Nantes
DENDIEVEL André-Marie,
DEPINCÉ Malo,Montpellier
DEPREZ Samuel,Université Le Havre Normandie
DER SARKISSIAN Rita,
DERAM Annabelle,Lille - Littoral Côte d'Opale
DERODE Benoit,Strasbourg
DEROUBAIX José-Frédéric,Paris et IdF
DERVIEUX Zénaïde,Paris et IdF
DESCHAMPS-COTTIN Magali,Aix Marseilles
DESPREZ Cédric,Lyon Saint-Etienne
DESROUSSEAUx Maylis,
DETRY Nicolas,Clermont-Ferrand
DEZILEAU Laurent,
DI DONNA Alice,
DIAB Youssef,
DIEMER Arnaud,
DIESTCHY Mireille ,Strasbourg
DIEUDONNE Elsa,Lille - Littoral Côte d'Opale
DIGNE Julie,Lyon Saint-Etienne
DINET Eric,
DOAN Minh Phuoc ,Bordeaux
DOMMES Aurélie,Paris et IdF
DONY Anne,Paris et IdF
DORIZON Hélène,Paris et IdF
DOUPLAT Marion,Lyon Saint-Etienne
DOUZANE Omar,Université de Picardie Jules Verne
DRIS Yasmina,Paris et IdF
DROZD Céline,
DUBOIS Jérôme,
DUBREUIL SZYMANSKI Zoé,Aix Marseilles
DUC Myriam,Paris et IdF
DUCASSE Vincent,Lyon Saint-Etienne
DUCATILLION Catherine ,Antibes
DUCHARNE Agnès,Paris et IdF
DUCHENE Olivier,Lyon Saint-Etienne
DUCOMMUN Christophe,Angers
DUCQ Yves,Bordeaux
DUFOUR Frank,Nice
DUJARDIN Nicolas,
DUMAT Camille,Toulouse
DUMAZERT Loïc,Alès
DUMET Adeline,Lyon Saint-Etienne
DUMONT Marc,Lille - Littoral Côte d'Opale
DUPLESSIS Bruno,Paris et IdF
DUPONT Jean-Charles,Paris et IdF
DURAND Alexis,Université de Lorraine
DURAND Amandine,Aix Marseilles
DURAND Stéphanie,Lyon Saint-Etienne
DUREAU Clélie,Paris et IdF
DURUPTHY Olivier,
DÉPREZ Aline,Strasbourg
D’ANNA Barbara,Aix Marseilles
D’EMILIO Luna,
EHRET Nathalie,Aix Marseilles
EIBNER Simon,Albi
EL FAOUZIi Nour-Eddin,
EL HAFI Mouna,Albi
EL MEOUCHE Rani,Paris et IdF
EMELIANOFF Cyria ,
EMERY Justin,
EMMANUELLI Ariane,
EMSELLEM Karine,Université Côte d'Azur
ENAUX Christophe,Strasbourg
ERRAHMANI Mohamed Yassir,Montpellier
EVRARD Anne-Sophie,Lyon Saint-Etienne
FABBRI Antonin,
FACHINETTI Valérie,
FAGNIEZ Thomas,Lille - Littoral Côte d'Opale
FAILLA Pascal,Paris et IdF
FAIRHEAD Laurent,
FANCELLO Giovanna,Paris et IdF
FARA Emmanuel,Dijon - bourgogne France comté
FASQUELLE Thomas,Aix Marseilles
FAUCHER Cyril,
FAURE Emmanuelle,
FAURE Thomas,Angers
FAURE Élodie,Lyon Saint-Etienne
FEN-CHONG Julie,
FENKER Michael,Paris et IdF
FERLAY Nicolas,
FERRAND Martin,Paris et IdF
FERRARI André,Nice
FERREIRA de BRITO Joël,Lille - Littoral Côte d'Opale
FERRY Laurent,Alès
FERRY Nicolas,Nice
FERTIER Audrey,Albi
FERVERS Béatrice,Lyon Saint-Etienne
FEUILLET Vincent,
FIJALKOW Yankel,Paris et IdF
FILAINE Frédéric,Paris et IdF
FIORI Sandra,Lyon Saint-Etienne
FITO-DE-LA-CRUZ Jaume,Chambery - Savoire Montblanc
FLEURY Etienne,Lyon Saint-Etienne
FLORIO Alessandro,Lyon Saint-Etienne
FOLIOT Lorna,Paris et IdF
FOLLIET François,
FONTANA Luc,Lyon Saint-Etienne
FORET Gilles ,Paris et IdF
FORT Emmanuel ,Lyon Saint-Etienne
FORT-JACQUES Théo,Lyon Saint-Etienne
FOUCHÉ-GROBLA Olivier,Paris et IdF
FOUCQUIER Aurélie,Chambery - Savoire Montblanc
FOURMEAU Marion,Lyon Saint-Etienne
FOURMENTIN Marc,Lille - Littoral Côte d'Opale
FOURNIER Carine,Aix Marseilles
FOURNIER Richard,Toulouse
FRAISSE Gilles,Chambery - Savoire Montblanc
FRANCHOMME Magalie,Lille - Littoral Côte d'Opale
FRÈRE Severine,Lille - Littoral Côte d'Opale
FRÉROT Helene,
FUJIKI Kenji,Strasbourg
FURNO Angelo,
FUSCO Giovanni,Avignon
GADEGBEKU Blandine,Lyon Saint-Etienne
GAERTNER Vincent,Lyon Saint-Etienne
GAILLOT Stéphane,
GARAMBOIS Stéphane,Grenoble
GARBOLINO Emmanuel,Paris et IdF
GARDAREIN J.-Laurent,Aix Marseilles
GARDESSE Camille,
GARDRAT Mathieu,
GATEBLE Gildas,Antibes
GAUDION Vincent,Lille - Littoral Côte d'Opale
GAUDOU Benoît,
GAUME Eric,Nantes
GAUSSIER Nathalie,Bordeaux
GAUSSUIN Bérénice,Clermont-Ferrand
GAUTHIER Caroline,Paris et IdF
GAUTHIER Jérôme,Paris et IdF
GAUTHIER-DZVIGA Catherine,Clermont-Ferrand
GAUTIER Emeric,Nantes
GAUTIER Mathieu,Lyon Saint-Etienne
GENRE-GRANDPIERRE Cyrille,Avignon
GEOFFROY Géraldine,non connu
GEORGÉ Jean-Pierre,
GHAMRI-DOUDANE Yacine,
GHIRARDI Ludovic,
GIORGIS- ALLEMAND Lise,Lyon Saint-Etienne
GIRARD Joffrey,Angers
GIRARD Robin,Paris et IdF
GIROUX Stéphanie,
GIRY Cédric,Paris et IdF
GLATRON Sandrine,Strasbourg
GLÉ Philippe,Strasbourg
GOBERT Julie,Paris et IdF
GOIRAN Jean-Philippe,Lyon Saint-Etienne
GORECKI Simon,Bordeaux
GORI Didier,Aix Marseilles
GOUCHON Maëliss ,Reims
GOUDON Romain,Université de Lorraine
GOUPIL Christophe,Paris et IdF
GOUTTE Stéphane,Paris et IdF
"GRAMAGLIA, Christelle",Montpellier
GRANCHER Delphine,
GRANDPIERRE Thierry ,Paris et IdF
GRANGE Stéphane,Lyon Saint-Etienne
GRANIER Gaëlle,Aix Marseilles
GRARD Baptiste,Lyon Saint-Etienne
GRASSOT Lény,Lyon Saint-Etienne
GREFFIER Florian,Angers
GRESILLON Etienne,Paris et IdF
GRIFFOND-BOITIER Anne,
GROLLEAU Emmanuel,Lyon Saint-Etienne
GROMAIRE Marie Christine,Paris et IdF
GRONFIER Claude,Lyon Saint-Etienne
GROS Valérie,Paris et IdF
GROSSELIN Benoît,Orléans
GROUIEZ Pascal,Paris et IdF
GUERIN Olivier,Nice
GUERNOUTI Sihem,Nantes
GUILLARD Ludovic,
GUILLAUME Jean-Loup,
GUILLON Marlène,Montpellier
GUILMARD Loic,Lyon Saint-Etienne
GUINOT Vincent,Montpellier
GUIRAUD Maël,Paris et IdF
GUÉGAN Jérôme,Paris et IdF
GUÉGUEN Philippe,Grenoble
GUÉNON René,Angers
GÉLIS Céline,Paris et IdF
HACHETTE Maxime,Compiègne
HACHI Ryma,
HAEFFELIN Martial,Paris et IdF
HAFSA Wael,Aix Marseilles
HALLIL Hamida,Bordeaux
HAMARD Erwan,Nantes
HAMDAOUI Ons,
HAMONIC François,Aix Marseilles
HAMOUCHE Reda,
HANEMIAN Mathieu,Toulouse
HANOT Christophe,Paris et IdF
HANOUNE Benjamin,
HARBELOT Isabelle,
HARPET Claire,Lyon Saint-Etienne
HAVET Nahtalie,
HAYEL Yezekael,Avignon
HEID Marie-Caroline,
HEIJMANS Marc,Aix Marseilles
HEIL CHAYAAMOR Natasha,Paris et IdF
HENDEL Martin,Paris et IdF
HENRIOT Carine,Compiègne
HENRY Patrick,Paris et IdF
HERBERT Éric,Paris et IdF
HERNANDEZ Frédérique,Aix Marseilles
HIBERT Clément,Strasbourg
HIDALGO Julia,Toulouse
HINNEWINKEL Christelle,Lille - Littoral Côte d'Opale
HOK Sébastien,Paris et IdF
HONEGGER Anne,
HORSH Bettina,
HOSTEIN Anthony,Paris et IdF
HOUE NGOUNA Raymond,
HOUETO Anita,Paris et IdF
HOUOT Hélène,
HOURDIN Frédéric,
HUET Sylvie,
HUMAIN-LAMOURE Anne-Lise,
HUMBERT Myriam,Nantes
HUOT Hermine,Paris et IdF
IBOS Laurent,
JACOB Jérémy,Paris et IdF
JACOB Jérôme,Aix Marseilles
JACQUIN Laurent,Lyon Saint-Etienne
JACQUINOD Florence,Paris et IdF
JACQUOT Kévin,Lyon Saint-Etienne
JAFFREZO Jean-Luc,Grenoble
JAHANGIR Emad,Paris et IdF
JAMAR DE BOLSEE Marina,Lille - Littoral Côte d'Opale
JAMILLOUX Véronique,Paris et IdF
JANKOWIAK Isabelle,
JARAVEL Thomas,Toulouse
JAXEL Julien,
JEAN Kévin,Paris et IdF
JEAN-BAPTISTE Wilda,Toulouse
JEAN-SORO Liliane,Nantes
JEGOU Anne,
JEGOU Laurent,Toulouse
JOFFROY Thierry,Grenoble
JOHANNES Kevyn,
JONATHAN Stéphanie,Nice
JORAND Yves,
JOSSELIN Didier,Avignon
JOST Sophie,
JOURDHEUIL Anne Laure,Paris et IdF
KAB Sofiane,Paris et IdF
KAMMER Julien,Aix Marseilles
KASE TANNO Luciana,Montpellier
KAUFMANN Bernard,Lyon Saint-Etienne
KEDAD Zoubida,Paris et IdF
KELLER Catherine,Aix Marseilles
KHADOUR Aghiad,Paris et IdF
KHARBOUCHE Elias,Lyon Saint-Etienne
KILANI Moez,Lille - Littoral Côte d'Opale
KIM Youngseob,Paris et IdF
KOCIK Rémy,
KOHLER Manon,
KORRI-YOUSSOUFI Hafsa,Paris et IdF
KOTTHAUS Simone,Paris et IdF
KOTZINOS Dimitris,Paris et IdF
KOUADIO Jules,Nantes
KUZNIK Frédéric,Lyon Saint-Etienne
KYRIAKODIS Georgios,Université Côte d'Azur
L'HOSTIS Alain,Paris et IdF
LABAUDE Florian,Strasbourg
LABAYRADE Raphaël,
LAFFONT-SCHWOB Isabelle,Aix Marseilles
LAFONT Charlotte,Paris et IdF
LAGESSE Claire,
LAGOUY Mickaël,Lyon Saint-Etienne
LAHAROTTE Pierre-Antoine,
LAHEURTE Jean-Marc,
LAHOCHE Laurent,Université de Picardie Jules Verne
LAIGLE Lydie,Paris et IdF
LAINÉ Pierre,Toulouse
LAMAISON Nicolas,Grenoble
LAMARQUE Fabien,Compiègne
LAMBERT Anne,
LAMBERT Guy,Paris et IdF
LAMBERT Marie-Laure,
LAMBERTS Christine,Nantes
LAMMOGLIA Adrien,Montpellier
LANIER Caroline,Lille - Littoral Côte d'Opale
LANZETTA François,Université de Franche-Comté
LAPERTOT Arnaud,Paris et IdF
LAPORTE Stéphane,Paris et IdF
LAPORTE- CHABASSE Quentin,Orléans
LAPRAY Karine,Lyon Saint-Etienne
LARABI Chaker,Poitiers
LAUDATI Patrizia,Université Côte d'Azur
LAURENTI Patrick,Paris et IdF
LE BERRE Sylvain,Bordeaux
LE BOURHIS Jean-Pierre,
LE CANN Pierre,Rennes
LE CHAMPION Clémentine,Aix Marseilles
LE COZ Jérôme,Lyon Saint-Etienne
LE GALL Ah,non connu
LE GUERN Cécile,Nantes
LE MOINE Nicolas,Rennes
LE ROUX Xavier,Lyon Saint-Etienne
LE TEXIER Marion,Montpellier
LEBEAU Thierry,Nantes
LEBENTAL Bérengère,Paris et IdF
LEBOIS Valérie ,Strasbourg
LEBOUC Laure,Angers
LECLERCQ Ludovic,
LECONTE François,Université de Lorraine
LECUREUX Marie-Hélène,Toulouse
LEDUC Thomas,
LEGAL Luc ,Toulouse
LEGLIZE Pierre,Université de Lorraine
LEHUJEUR Maximilien,Nantes
LEITAO Luis,Paris et IdF
LEJOUX Patricia,
LEMELIN Emmanuel,Lille - Littoral Côte d'Opale
LEMOINE-SCHONNE Marion,Rennes
LENGAGNE Thierry,Lyon Saint-Etienne
LENGLINÉ Olivier,Strasbourg
LEONARD Céline,Paris et IdF
LEPAROUX Donatienne,Nantes
LEPILLER Valérie,Université de Franche-Comté
LEQUAY Hervé,Lyon Saint-Etienne
LEQUY-FLAHAULT Emeline,Paris et IdF
LERCH Thomas,Paris et IdF
LESCOP Laurent,
LESIEUR Claire,
LESTEL Laurence,
LESTEVEN Gaël,
LESVEN Ludovic,
LEVIAUX Pierre,
LEVRATTO Nadine,Paris et IdF
LEYDET Michelle,Aix Marseilles
LEYMARIE Juliette,Paris et IdF
LHUILLIER Simon,Paris et IdF
LIBESSART Gwendal,Université de Lorraine
LINDENTHAL Sabine,Nice
LINTON James,
LIPEME KOUYI Gislain,Lyon Saint-Etienne
LIU Liu,Paris et IdF
LOCOGE Nadine,Lille - Littoral Côte d'Opale
LONGUET Claire,Alès
LONGUEVERGNE Laurent,Rennes
LORH Christophe,Brest
LORTIE André,Paris et IdF
LUGON Lya,Paris et IdF
LUSHNIKOVA Anna,Chambery - Savoire Montblanc
LUSSAULT Michel,Lyon Saint-Etienne
LÉPINE Valérie,
MABILAIS David,Nantes
MACHON Nathalie,Paris et IdF
MADADI Bahman ,
MADELEINE Jean-Baptiste,
MAIGNANT Gilles,Nice
MAILLEFERT Murielle,
MALECOT Yann,
MALFANTE Marielle,Grenoble
MALLET Frédéric,Nice
MAMA AWAL Halimatou,Grenoble
MANGOLD Marie ,Strasbourg
MANOUT Ouassim,
MARCHAND Nicolas,Aix Marseilles
MARCHETTI Mario,Paris et IdF
MARÉCHAL Vincent,Paris et IdF
MARICCHIOLO Luca,
MARON Pierre-Alain,Dijon - bourgogne France comté
MARQUIS-FAVRE Wilfrid,
MARRAST Philippe ,
MARRO Massimo,
MARSAULT Xavier,Lyon Saint-Etienne
MARTIN Manon,Avignon
MARTIN Nicolas ,
MARTINEZ Cléa,Albi
MARTINY Nadège,Dijon - bourgogne France comté
MASSEI Nicolas,
MASSON Matthieu,Lyon Saint-Etienne
MASSON Valéry,Toulouse
MATHIAS Jean-Denis,
MATHY Sandrine,Grenoble
MATTANA Giorgio,
MAYAUD Deborah,Lyon Saint-Etienne
MAYE Caroline,Lille - Littoral Côte d'Opale
MAZEL Ivan,Grenoble
MAZENQ Laurent,
MAZZONI Cristiana,Paris et IdF
MCGILLEN Max,Orléans
MEBARKI Ahmed,Paris et IdF
MEILLE Sylvain,
MEIMOUN Patrice,Paris et IdF
MEISSONNIER Joël,Paris et IdF
MELIANI Valérie,
MELOT Romain,Paris et IdF
MENEVEAUX Daniel,Poitiers
MENINI Philippe,
MEQUIGNON Marc,
MERCIER Bérangère,Lyon Saint-Etienne
MERLE Lydie,Lyon Saint-Etienne
MERLIER Lucie,Lyon Saint-Etienne
MESNIL Romain,Paris et IdF
MESNILGRENTE Fabien,
METIVIER Ludovic,Grenoble
MEYER Patrick,Brest
MEYER Vincent,Nice
MEYNIER Mélanie,Lyon Saint-Etienne
MICHALLET Isabelle,Rennes
MICHON Pauline,Paris et IdF
MIDOUX Cédric,Paris et IdF
MIGNOT Emmanuel,
MISSE Arnaud,Grenoble
MITRUSHCHENKOV Alexander,Paris et IdF
MOATTY Annabelle,
MOILLERON Régis,Paris et IdF
MOLINA Géraldine,Nantes
MOLINES Nathalie,Compiègne
MONDY Nathalie,Lyon Saint-Etienne
MONOD Anne,Aix Marseilles
MONSAINGEAON Baptiste,Reims
MONTABERT Arnaud,Paris et IdF
MONTIGNY Chrystelle,Montpellier
MONVOISIN Manon,
MORA Laurent,Bordeaux
MORALES Anne,
MOREL Jean-Claude,
MORELLI Roberta,Paris et IdF
MORLÉ Estelle,
MOSINI Marie Laure,Nantes
MOTTE-BAUMVOL Benjamin,
MOUCHEL Jean-Marie,Paris et IdF
MOUJALLED Bassam,Grenoble
MOULIN Laurent,Paris et IdF
MOULIN Nelly,Rennes
MOUNKAILA NOMA Dijbrilla,
MROUEH Hussein,Lille - Littoral Côte d'Opale
MUNCH Emmanuel,Paris et IdF
MUSELET Damien,
MUSY Marjorie,Nantes
MÉDOC Vincent,Lyon Saint-Etienne
MÉNÉZO Christophe,Chambery - Savoire Montblanc
NAAS Mohamed Islam,
NABUCET Jean,Rennes
NAOUAR Naïm,Lyon Saint-Etienne
NASSIF Roula,Nice
NAVRATIL Oldrich,
NESSI Hélène,Paris et IdF
NET Sopheak,
NICOLAS Xavier,Paris et IdF
NICOLLE Pierre,Nantes
NOEL Vincent,
NOUVEL Philippe,Montpellier
NOY Claire,
NÉLIS-BLANC Laurence,Nice
N’GOALA Gilles,Montpellier
OCCELLI Florent,Lille - Littoral Côte d'Opale
ONFROY Karine,Bordeaux
ORSIÈRE Thierry,Aix Marseilles
ORTIZ Miguel,Nantes
OTAZAGHINE Belkacem,Alès
OUDIN Ludovic,Paris et IdF
OUVRARD Stéphanie,Université de Lorraine
OVTRACHT Nicolas,
PACTEAU Chantal,Paris et IdF
PAGNONCELLI Bernardo,Lille - Littoral Côte d'Opale
PARAN Frédéric,
PASCAL Fabien,Montpellier
PASCAL Nicolas,Lille - Littoral Côte d'Opale
PASSERIEUX Damien,Limoges
PAUWELS Maxime,
PAYAN Sébastien,Paris et IdF
PAYRASTRE Olivier,Nantes
PEILLARD Etienne,Brest
PELLEGRINO Margot,
PELLENQ Roland,
PENARIER Annick,Montpellier
PENOT Jean-Daniel,Paris et IdF
PERALDI-FRATI Marie-Agnès,Nice
PERALTA Maxime,Paris et IdF
PERES Stéphanie,Bordeaux
PEREZ Sandra,Université Côte d'Azur
PEREZ-GARCIA  Julio César ,Paris et IdF
PERRET Franck,
PERRIN Jean-Louis,Montpellier
PESENTI Maeva,Lyon Saint-Etienne
PETIT Jean-Eudes,Paris et IdF
PETITDEMANGE Eva ,Albi
PEUBLE Steve,
PEYROL Eric,
PHALIPON ROBERT Isabelle,Paris et IdF
PIGNON Baptiste,Paris et IdF
PIRO Benoît,
PITHON Joséphine,Angers
PIÉGAY Clément,Strasbourg
PLANCHAIS Séverine,Paris et IdF
PLASSART Stéphan,Chambery - Savoire Montblanc
POCHET Pascal,
POINSOT Philippe,Paris et IdF
POINTET Martin,Lyon Saint-Etienne
POLI Jean-Philippe,Paris et IdF
POLOMÉ Philippe,
PONS Armand,Strasbourg
PORCHERIE Marion,
PORTES Audrey,Montpellier
PORTINHA Daniel,Lyon Saint-Etienne
POTTIER Nathalie,Paris et IdF
POULHES Alexis,Paris et IdF
POUPARDIN Adrien,Paris et IdF
POURCHER Thierry,Nice
POUSSINEAU Sophie,
PRADEAU Aurélie,Lyon Saint-Etienne
PRAUD Delphine,Lyon Saint-Etienne
PROULHAC Laurent,Paris et IdF
PRUD’HOMME Élodie,
PRUNIER Florent,Lyon Saint-Etienne
PRUVOST Geneviève,Paris et IdF
PUEYO Valérie,Lyon Saint-Etienne
PUGA FREITAS Ruben,Paris et IdF
PUIJALON Sara,
PUISSANT Anne,Strasbourg
PÉGUY Pierre-Yves,
PÉLISSIER Lionel,Toulouse
QUÉNÉA Katell,Paris et IdF
RABIER Alain,Toulouse
RACHEDI Abderrezak,Paris et IdF
RADJA Katia,Paris et IdF
RAGOT-COURT Isabelle,Aix Marseilles
RAKOTO Alain,Université de Lorraine
RAMOUSSE Julien,Chambery - Savoire Montblanc
RAMUZ Marc,Lyon Saint-Etienne
RANDRIAMAHAZAKA Hyacinthe,
RAVIER Sylvain,Aix Marseilles
REBIERE Sébastien,Albi
REDON Nathalie,Lille - Littoral Côte d'Opale
REGA Mario,Dijon - bourgogne France comté
REGNAULT Cécile,Lyon Saint-Etienne
REIFFSTECK Philippe,Paris et IdF
REIGNIER Patrick ,Grenoble
REMY-XUEREF Irene,Aix Marseilles
RENAUDIN Valerie,Nantes
REPELLIN Anne,Paris et IdF
RETIERE Nicolas,Grenoble
REY David,Université Côte d'Azur
REY Gaëtan,Nice
REZQUI Abir,
RHODDE Louise,Lyon Saint-Etienne
RIBARDIERE Mickaël,Poitiers
RIBOULOT-CHETRIT Mathilde,Paris et IdF
RICAN Stéphane,Paris et IdF
RICHARD Cédric,Nice
RICHARD Yves,Dijon - bourgogne France comté
RICHAUME-JOLION Agnès,Lyon Saint-Etienne
RICHET Yann,Paris et IdF
RIFFAULT Véronique,Lille - Littoral Côte d'Opale
RIGACCI Arnaud,
RIGOLLET Fabrice,Aix Marseilles
RIOS Géraldine,Nice
RIVANO Hervé,Lyon Saint-Etienne
RIVIERE Nicolas,
ROBAIN Henri,Paris et IdF
ROBERT Samuel,Aix Marseilles
ROBICHET Antoine,Paris et IdF
ROBIN Bénédicte,Grenoble
ROBLES Christine,Aix Marseilles
ROCHOUX Mélanie,Toulouse
RODLER Auline,Nantes
RODRIGUEZ Fabrice,Nantes
ROHR Olivier,Strasbourg
ROS Cyril,Paris et IdF
ROSE Jérôme,Aix Marseilles
ROSPARS Claude,Paris et IdF
ROUAULT François,Rennes
ROUCH Jérémy,Lyon Saint-Etienne
ROUDIL Nadine,Paris et IdF
ROUSTAN Yelva,Paris et IdF
ROUX Charlotte,Paris et IdF
ROUX Stéphane,
ROYON Laurent,Paris et IdF
RUAS Anne,Paris et IdF
RUBRICHI Stefania,Paris et IdF
RULLEAU Benedicte,Bordeaux
SAADÉ Myriam,Paris et IdF
SACHSÉ Victoria,Lille - Littoral Côte d'Opale
SADOUX Stéphane ,Grenoble
SAGAUT Pierre,Aix Marseilles
SAGE Jérémie,Paris et IdF
SAJOUS Patricia,Université Le Havre Normandie
SALATGE Nicolas,Albi
SALERI Renato,Lyon Saint-Etienne
SALIZZONI Pietro,
SALLES Christian,Montpellier
SALMON Delphine,Paris et IdF
SALZE Paul,Strasbourg
SAMBOLIAN Serge,Strasbourg
SAMI OUBBATI Omar,Paris et IdF
SAMUEL John,Lyon Saint-Etienne
SANCHEZ Alexandre,Paris et IdF
SANCHEZ Corinne,Montpellier
SARI Ali,
SARTELET Karine,Paris et IdF
SAUDREAU Marc,
SAVOURÉ Arnould,Paris et IdF
SCHALBART Patrick,Paris et IdF
SCHMITTBUHL Jean,Strasbourg
SCHOEMAECKER Coralie,
SCHOETTER Robert,Toulouse
SCHWARTZ Christophe,Université de Lorraine
SCHÜRHOFF Franck,Paris et IdF
SEGALEN Loic,
SEIDL Martin,Paris et IdF
SEJALON-DELMAS Nathalie,Toulouse
SEPPECHER Manon,
SEREGINA Tatiana,Paris et IdF
SERVIGNE Sylvie,Lyon Saint-Etienne
SERVIÉRES Myriam,
SIEFFERT Yannick,
SILVANI Claire,Lyon Saint-Etienne
SIMONIN Gérard,Université de Lorraine
SIMONOT Lionel ,Poitiers
SIMONS Alexis,Paris et IdF
SIRGUEY Catherine,Université de Lorraine
SLADEN Anthony,Université Côte d'Azur
SOKOLOV Anton,Lille - Littoral Côte d'Opale
SOLNON Christine,Lyon Saint-Etienne
SONNIER Rodolphe,Alès
SQUIVIDANT Hervé,Rennes
SROUR Bernard,Paris et IdF
STABAT Pascal,Paris et IdF
STACCINI Pascal,Nice
SUMAN-BRETAS Arturo ,Grenoble
SZOKE Andrei,Paris et IdF
SZYMKIEWICZ Fabien,Paris et IdF
SÈZE-GOISMIER Camille,Nantes
SÉRÉ Geoffroy,Université de Lorraine
TANG Anh Minh,Paris et IdF
TARANTO Pascal,Aix Marseilles
TATONI Thierry,Aix Marseilles
TAUZIN Benoît,Lyon Saint-Etienne
TAZAROURTE Karim,Lyon Saint-Etienne
TEMIME-ROUSSEL Brice,Aix Marseilles
TERRAZ Théophile,Lyon Saint-Etienne
TESSIER Luc,Paris et IdF
TETTARASSAR Christophe,Lyon Saint-Etienne
THEBAULT Martin,Chambery - Savoire Montblanc
THEVENET Frédéric,Lille - Littoral Côte d'Opale
THEVENIN Thomas,
THIANN BO MOREL Marie,La Réunion
THIBAULT Sophie,Paris et IdF
THIEBAULT Thomas,Paris et IdF
THIÉSSON Julien,Paris et IdF
THOLLET Fabien,Lyon Saint-Etienne
THOMAS Marie-Florence,Rennes
THOMAS Zahra,Rennes
TIGLI Jean-Yves,Nice
TISON Emmanuel,Lille - Littoral Côte d'Opale
TISSEUR Céline,Aix Marseilles
TOESCA Adrien,Grenoble
TOILIER Florence,
TOUATI Najla,Toulouse
TOUGNE RODET Laure,Lyon Saint-Etienne
TOURRE Vincent,
TOUVIER Mathilde,Paris et IdF
TOUZOUT Faycal ,
TRAMOY Romain,Paris et IdF
TRAN LE Anh Dung,Université de Picardie Jules Verne
TRAORE Mamadou Kaba ,Bordeaux
TRAORÉ Sira,Paris et IdF
TRAVERS Muriel,Nantes
TREMEAU Alain,
TRIBOUT Silvère,
TRIC Emmanuel,Nice
TRONCHERE-COTTET Hervé,
TROUETTE Benoît,Paris et IdF
TROUVE Loéna,Lyon Saint-Etienne
TURCATI Laure,Paris et IdF
TÉCHER Didier,Université de Lorraine
UGHETTO Pascal,Paris et IdF
ULANOWSKI Yan,Paris et IdF
UNY Daniel,Bordeaux
UZU Gaëlle,Grenoble
VACHERIE Stéphane,Lyon Saint-Etienne
VALARI Myrto,Paris et IdF
VALIORGUE Pierre,
VALIZADEH Mohammad,Orléans
VALLET Flore,
VAN ANDREGA,
VAN DEN ENDE Martijn,Université Côte d'Azur
VANEL Jean-Charles,
VAREILLES Sophie,
VAROTTO Silvia Francesca,
VELLEI Marika,Bordeaux
VENA Arnaud,Montpellier
VENTURINI Patrice,Toulouse
VERGNE Jérôme,Strasbourg
VERGNES Alan,Montpellier
VERNAY Antoine,Lyon Saint-Etienne
VERNET Céline,Lyon Saint-Etienne
VERRIELE Marie,Lille - Littoral Côte d'Opale
VIATTE Camille,Paris et IdF
VIAUX Nicolas,Université Côte d'Azur
VICENTE Jérôme,Aix Marseilles
VIDAL David,Montpellier
VIDAL Jean-Philippe,Lyon Saint-Etienne
VIDAL Philippe,Université Le Havre Normandie
VIDAL-BEAUDET Laure,Angers
VIENNE Fabrice,Paris et IdF
VIEUX-CHAMPAGNE Florent,
VIGNAL Matthieu,Avignon
VIGUIÉ Vincent,Paris et IdF
VILA Bruno,Aix Marseilles
VILLA Céline,Paris et IdF
VILLEFRANQUE Najda,Toulouse
VILTARD Nicolas,Paris et IdF
VINCENS Éric,
VINCENT Pierre,Paris et IdF
VINCENT Stéphane,Paris et IdF
VINKOVIC Ivana,
VINOT Emmanuel,
VIPREY Marie,Lyon Saint-Etienne
VIVIEN Franck-Dominique,Reims
VOIRON Christine,Université Côte d'Azur
VOIRON Céline,Grenoble
VUIDEL Gilles,
VUILLET Marc,
VUILLON Laurent,
WAEYTENS Julien,Paris et IdF
WAGENHAUSEN Falk,Lille - Littoral Côte d'Opale
WALSER Pascal,
WATHELET Marc,Grenoble
WAYMEL Patrick,
WILSON Yaneira,Paris et IdF
WORMSER Roxane,Lille - Littoral Côte d'Opale
WORTHAM Henri,Aix Marseilles
WURTZ Frédéric,Grenoble
WURTZER Sébastien,Paris et IdF
YASSAR Abderrahim,
ZANETTI Thomas,Lyon Saint-Etienne
ZBIGNIEW Smoreda,Paris et IdF
ZEMBRI-MARY Geneviève,Paris et IdF
ZEPF Marcus,
ZERGUINI Seghir,Bordeaux
ZETLAOUI-LÉGER Jodelle,Paris et IdF
ZHU Ni,Nantes
ZIEMLICKI Cezary ,Paris et IdF
ZIGONE Dimitri,Strasbourg
ZINS Marie,Paris et IdF
ZISSIS Georges,Toulouse
